Carrier,Type,Slugs - Requires no connection,Slugs - Requires connection
17 Post Service,Global,17postservice,
2ebox,Global,2ebox,
2GO,Global,2go,
360 Lion Express,Global,360lion,
3JMS Logistics,Global,3jmslogistics,
4-72 Entregando,Global,4-72,
4PX,Global,4px,
绿色国际速递,Global,6ls,
Best Express,Global,800bestex,
A1Post,Global,a1post,
A2B Express Logistics,Global,a2b-ba,
AAA Cooper,Global,aaa-cooper,
ABF Freight,Global,abf,
ABX Express,Global,abxexpress-my,
aCommerce,Global,acommerce,
ACS Courier,Global,acscourier,
ACS Worldwide Express,Global,acsworldwide,
Adicional Logistics,Global,adicional,
ADSOne,Global,adsone,
A Duie Pyle,Global,aduiepyle,
Mexico AeroFlash,Global,aeroflash,
Aeronet,Global,aeronet,
AEX Group,Global,aex,
Agility,Global,agility,
AIR21,Global,air21,
Airpak Express,Global,airpak-express,
Airspeed International Corporation,Global,airspeed,
"ALLJOY SUPPLY CHAIN CO., LTD",Global,alljoy,
alphaFAST,Global,alphafast,
Always Express,Global,always-express,
Amazon Shipping + Amazon MCF,Global,amazon,
Amazon,Global,amazon-email-push,
Swiship UK,Global,amazon-fba-swiship,
Swiship DE,Global,amazon-fba-swiship-de,
Swiship IN,Global,amazon-fba-swiship-in,
Amazon order,Global,amazon-order,
Amazon Shipping,Global,amazon-uk-api,
AMS Group,Global,amsegroup,
An Post,Global,an-post,
Anicam Global,Global,anicamboxexpress,
Anjun,Global,anjun,
ANSERX,Global,anserx,
Anteraja,Global,anteraja,
AO Deutschland Ltd.,Global,ao-deutschland,
APC Postal Logistics,Global,apc,
APC Overnight,Global,apc-overnight,
APC Overnight Consignment Number,Global,apc-overnight-connum,
APG eCommerce Solutions Ltd.,Global,apg,
Aquiline,Global,aquiline,
Arco Spedizioni SP,Global,arco-spedizioni,
ARK Logistics,Global,ark-logistics,
Arrow XL,Global,arrowxl,
ASE KARGO,Global,ase,
Asendia,Global,asendia-de,
Asendia APAC,Global,asendia-hk,
Asendia UK,Global,asendia-uk,
Asendia USA,Global,asendia-usa,
ASIGNA,Global,asigna,
ASM(GLS Spain),Global,asm,
Au Express,Global,auexpress,
Austrian Post (Express),Global,austrian-post,
Austrian Post (Registered),Global,austrian-post-registered,
Averitt Express,Global,averitt,
B2C Europe,Global,b2ceurope,
BDMnet,Global,bdmnet,
北俄国际,Global,be,
Belpost,Global,belpost,
Bert Transport,Global,bert-fr,
Best Way Parcel,Global,bestwayparcel,
Better Trucks,Global,bettertrucks,
Bulgarian Posts,Global,bgpost,
JP BH Pošta,Global,bh-posta,
BirdSystem,Global,birdsystem,
Blink,Global,blinklastmile,
Bluecare Express Ltd,Global,bluecare,
Blue Star,Global,bluestar,
Blue Express,Global,bluex,
Bneed,Global,bneed,
Bombino Express Pvt Ltd,Global,bombinoexp,
Bond,Global,bond,
Bonds Couriers,Global,bondscouriers,
Border Express,Global,borderexpress,
Boxberry,Global,box-berry,
BoxC,Global,boxc,
Bpost international,Global,bpost-international,
Brazil Correios,Global,brazil-correios,
Bring,Global,bring,
Brouwer Transport en Logistiek B.V.,Global,brouwer-transport,
BRT Bartolini(Parcel ID),Global,brt-it-parcelid,
BRT Bartolini(Sender Reference),Global,brt-it-sender-ref,
CAE Delivers,Global,cae-delivers,
Cainiao,Global,cainiao,
Cambodia Post,Global,cambodia-post,
Canada Post,Global,canada-post,
Canpar Courier,Global,canpar,
Capital Transport,Global,capital,
Carriers,Global,carriers,
"Carry-Flap Co.,Ltd.",Global,carry-flap,
CDEK,Global,cdek,
CDEK TR,Global,cdek-tr,
Cello Square,Global,cello-square,
Česká Pošta,Global,ceska-posta,
CEVA LOGISTICS,Global,ceva,
CFL Logistics,Global,cfl-logistics,
CGS Express,Global,cgs-express,
Champion Logistics,Global,champion-logistics,
China EMS (ePacket),Global,china-ems,
China Post,Global,china-post,
Chit Chats,Global,chitchats,
Choir Express Indonesia,Global,choirexpress,
Chronopost Portugal(DPD),Global,chronopost-portugal,
City-Link Express,Global,citylinkexpress,
CJ GLS,Global,cj-gls,
CJ Logistics International(Hong Kong),Global,cj-hk-international,
CJ Korea Express,Global,cj-korea-thai,
CJ Century (International),Global,cj-malaysia-international,
CJ Transnational Philippines,Global,cj-philippines,
CJ Logistics International,Global,cjlogistics,
CJ Packet,Global,cjpacket,
CL E-Logistics Solutions Limited,Global,cle-logistics,
Clevy Links,Global,clevy-links,
Cloudwish Asia,Global,cloudwish-asia,
CN Logistics,Global,cn-logistics,
ZYEX,Global,cndexpress,
CNE Express,Global,cnexps,
cnwangtong,Global,cnwangtong,
Colis Privé,Global,colis-prive,
Colissimo,Global,colissimo,
CollectCo,Global,collectco,
Collect+,Global,collectplus,
MDS Collivery Pty (Ltd),Global,collivery,
ComOne Express,Global,com1express,
CometTech,Global,comet-tech,
Con-way Freight,Global,con-way,
Continental,Global,continental,
Copa Airlines Courier,Global,copa-courier,
Cope Sensitive Freight,Global,cope,
Correo Uruguayo,Global,correo-uy,
Correos de Mexico,Global,correos-de-mexico,
Cosmetics Now,Global,costmeticsnow,
Courant Plus,Global,courant-plus,
Urbanfox,Global,courex,
Courier Plus,Global,courier-plus,
Courier IT,Global,courierit,
CourierPost,Global,courierpost,
Couriers Please,Global,couriers-please,
cPacket,Global,cpacket,
Captain Express International,Global,cpex,
CRL Express,Global,crlexpress,
Croshot,Global,croshot,
CSE,Global,cse,
CTC Express,Global,ctc-express,
Cubyn,Global,cubyn,
Cuckoo Express,Global,cuckooexpress,
Cyprus Post,Global,cyprus-post,
Daeshin,Global,daeshin,
DAI Post,Global,daiglobaltrack,
Daiichi Freight System Inc,Global,daiichi,
Shanghai Aqrum Chemical Logistics Co.Ltd,Global,dajin,
PostNord Denmark,Global,danmark-post,
Danniao,Global,danniao,
Danske Fragtmænd,Global,danske-fragt,
Dawn Wing,Global,dawnwing,
Day & Ross,Global,dayross,
Dayton Freight,Global,dayton-freight,
DB Schenker B2B,Global,dbschenker-b2b,
DB Schenker,Global,dbschenker-se,
DB Schenker Sweden,Global,dbschenker-sv,
DD Express Courier,Global,ddexpress,
DealerSend,Global,dealer-send,
Deliver-iT,Global,deliver-it,
deliverE,Global,delivere,
DELIVERYONTIME LOGISTICS PVT LTD,Global,deliveryontime,
Deliver Your Parcel,Global,deliveryourparcel-za,
Delnext,Global,delnext,
Deltec Courier,Global,deltec-courier,
Innovel,Global,descartes,
Deutsche Post Mail,Global,deutsch-post,
DEX-I,Global,dex-i,
DHL Active Tracing,Global,dhl-active-tracing,
DHL Benelux,Global,dhl-benelux,
DHL Freight,Global,dhl-freight,
Deutsche Post DHL,Global,dhl-germany,
DHL Hong Kong,Global,dhl-hk,
DHL Netherlands,Global,dhl-nl,
DHL Express (Piece ID),Global,dhl-pieceid,
DHL Poland Domestic,Global,dhl-poland,
DHL Supply Chain APAC,Global,dhl-supplychain-apac,
DHL Supply Chain Indonesia,Global,dhl-supplychain-id,
DHL Parcel Spain,Global,dhlparcel-es,
DHL Parcel NL,Global,dhlparcel-nl,
DHL Parcel Russia,Global,dhlparcel-ru,
DHL Parcel UK,Global,dhlparcel-uk,
Diamond Eurogistics Limited,Global,diamondcouriers,
GLS Logistic Systems Canada Ltd./Dicom,Global,dicom,
DIDADI Logistics tech,Global,didadi,
Dimerco Express Group,Global,dimerco,
Directlog,Global,directlog,
Direx,Global,direx,
DMF,Global,dmfgroup,
DobroPost,Global,dobropost,
Doora Logistics,Global,doora,
DPD Germany,Global,dpd-de,
DPD HK,Global,dpd-hk,
DPD Ireland,Global,dpd-ireland,
DPD Poland,Global,dpd-poland,
DPD Romania,Global,dpd-ro,
DPE Express,Global,dpe-express,
DPE South Africa,Global,dpe-za,
DPEX,Global,dpex,
DSV,Global,dsv,
DTD Express,Global,dtd,
DTDC India,Global,dtdc,
DTDC Australia,Global,dtdc-au,
DTDC Express Global PTE LTD,Global,dtdc-express,
DX Freight,Global,dx-freight,
"Daylight Transport, LLC",Global,dylt,
Dynamic Logistics,Global,dynamic-logistics,
Easy Mail,Global,easy-mail,
Chukou1,Global,ec-firstclass,
Ecargo,Global,ecargo-asia,
ECexpress,Global,ecexpress,
Echo,Global,echo,
"ECMS International Logistics Co., Ltd.",Global,ecms,
Ecom Express,Global,ecom-express,
ECOSCOOTING,Global,ecoscooting,
eCoutier,Global,ecoutier,
EFS (E-commerce Fulfillment Service),Global,efs,
Ekart,Global,ekart,
Yilian (Elian) Supply Chain,Global,elian-post,
ELTA Hellenic Post,Global,elta-courier,
Emirates Post,Global,emirates-post,
EMPS Express,Global,empsexpress,
Endeavour Delivery,Global,endeavour-delivery,
Envialia,Global,envialia,
Envialia Reference,Global,envialia-reference,
eParcel Korea,Global,eparcel-kr,
ePost Global,Global,epostglobal,
Equick China,Global,equick-cn,
Top Ideal Express,Global,esdex,
Eshipping,Global,eshipping,
Estes,Global,estes,
Etomars,Global,etomars,
eTotal Solution Limited,Global,etotal,
RETS express,Global,ets-express,
EU Fleet Solutions,Global,eu-fleet-solutions,
Eurodis,Global,eurodis,
EWE Global Express,Global,ewe,
DPD France (formerly exapaq),Global,exapaq,
Expeditors,Global,expeditors,
Expresssale,Global,expresssale,
FAR international,Global,far-international,
FarGood,Global,fargood,
Fastbox,Global,fastbox,
Fastrak Services,Global,fastrak-th,
Fasttrack,Global,fasttrack,
Fastway Ireland,Global,fastway-ireland,
Fastway New Zealand,Global,fastway-nz,
Fastway South Africa,Global,fastway-za,
FDSEXPRESS,Global,fdsexpress,
FedEx® Cross Border,Global,fedex-crossborder,
FedEx International MailService®,Global,fedex-fims,
FedEx® Freight,Global,fedex-freight,
FedEx® UK,Global,fedex-uk,
FERCAM Logistics & Transport,Global,fercam,
Fiege Logistics,Global,fiege,
Fiege Netherlands,Global,fiege-nl,
First Flight Couriers,Global,first-flight,
FirstMile,Global,firstmile,
Flyt Express,Global,flytexpress,
FMX,Global,fmx,
Fast & Furious,Global,fnf-za,
Fonsen Logistics,Global,fonsen,
forrun Pvt Ltd (Arpatech Venture),Global,forrun,
Forward Air,Global,forwardair,
Freightquote by C.H. Robinson,Global,freightquote,
Frete Rápido,Global,freterapido,
Fulfilla,Global,fulfilla,
Fulfillmen,Global,fulfillmen,
Furdeco,Global,furdeco,
GANGBAO Supplychain,Global,gangbao,
GBA Services Ltd,Global,gba,
GBS-Broker,Global,gbs-broker,
GDEX,Global,gdex,
Geis CZ,Global,geis,
Gel Express Logistik,Global,gel-express,
GEM Worldwide,Global,gemworldwide,
GEODIS - Distribution & Express,Global,geodis-calberson-fr,
GESWL Express,Global,geswl,
Giao hàng nhanh,Global,ghn,
Tai Wan Global Business,Global,global-express,
GlobalTranz,Global,globaltranz,
Globavend,Global,globavend,
Globegistics Inc.,Global,globegistics,
GLS,Global,gls,
GLS Croatia,Global,gls-croatia,
GLS Czech Republic,Global,gls-cz,
GLS General Logistics Systems Slovakia s.r.o.,Global,gls-slovakia,
GLS Slovenia,Global,gls-slovenia,
Dependable Supply Chain Services,Global,godependable,
Global Post,Global,goglobalpost,
GoJavas,Global,gojavas,
Go Rush,Global,gorush,
Greyhound,Global,greyhound,
Grupo ampm,Global,grupoampm,
GSI EXPRESS,Global,gsi-express,
GSO(GLS-USA),Global,gso,
HanJin,Global,hanjin,
HCT LOGISTICS CO.LTD.,Global,hct-logistics,
Haidaibao,Global,hdb,
Haidaibao (BOX),Global,hdb-box,
Hellenic (Greece) Post,Global,hellenic-post,
"Hellmann Worldwide Logistics, Inc",Global,hellmann,
Heppner Internationale Spedition GmbH & Co.,Global,heppner,
Heppner France,Global,heppner-fr,
Hermesworld,Global,hermes,
Hermes Einrichtungs Service GmbH & Co. KG,Global,hermes-2mann-handling,
HR Parcel,Global,hermes-it,
Hero Express,Global,heroexpress,
HFD,Global,hfd,
Hua Han Logistics,Global,hh-exp,
Hipshipper,Global,hipshipper,
HKD International Logistics,Global,hkd,
Holisol,Global,holisol,
Home Delivery Solutions Ltd,Global,home-delivery-solutions,
Hong Kong Post,Global,hong-kong-post,
"SHENZHEN HOTSIN CARGO INT'L FORWARDING CO.,LTD",Global,hotsin-cargo,
Hound Express,Global,houndexpress,
HR Parcel,Global,hrparcel,
Hrvatska Pošta,Global,hrvatska-posta,
HSDEXPRESS,Global,hsdexpress,
HuanTong,Global,huantong,
Huodull,Global,huodull,
HX Express,Global,hx-express,
i-dika,Global,i-dika,
i-parcel,Global,i-parcel,
Beone Logistics,Global,ibeone,
IDEX,Global,idexpress,
iDexpress Indonesia,Global,idexpress-id,
IML,Global,iml,
IMX Mail,Global,imxmail,
India Post Domestic,Global,india-post,
India Post International,Global,india-post-int,
INDOPAKET,Global,indopaket,
InPost Paczkomaty,Global,inpost-paczkomaty,
InPost,Global,inpost-uk,
Intel-Valley Supply chain (ShenZhen) Co. Ltd,Global,intel-valley,
Intelipost (TMS for LATAM),Global,intelipost,
DPD Local,Global,interlink-express,
DPD Local reference,Global,interlink-express-reference,
Interparcel Australia,Global,interparcel-au,
Interparcel New Zealand,Global,interparcel-nz,
Interparcel UK,Global,interparcel-uk,
INTEX Paketdienst GmbH,Global,intex-de,
Internet Express,Global,intexpress,
Israel Post,Global,israel-post,
Israel Post Domestic,Global,israel-post-domestic,
Italy SDA,Global,italy-sda,
J-Net,Global,j-net,
Jam Express,Global,jam-express,
Janco Ecommerce,Global,janco,
Janio Asia,Global,janio,
Japan Post,Global,japan-post,
Jayon Express (JEX),Global,jayonexpress,
JCEX,Global,jcex,
JD Worldwide,Global,jd-worldwide,
Jersey Post,Global,jersey-post,
Jet-Ship Worldwide,Global,jet-ship,
金斗云物流,Global,jindouyun,
JINSUNG TRADING,Global,jinsung,
Jocom,Global,jocom,
Joom Logistics,Global,joom-logistics,
Joying Box,Global,joyingbox,
JS EXPRESS,Global,js-express,
J&T CARGO,Global,jtcargo,
J&T EXPRESS MALAYSIA,Global,jtexpress,
J&T Express Vietnam,Global,jtexpress-vn,
JX,Global,jx,
K1 Express,Global,k1-express,
Kangaroo Worldwide Express,Global,kangaroo-my,
KargomKolay (CargoMini),Global,kargomkolay,
Kyungdong Parcel,Global,kdexp,
KEC,Global,kec,
KedaEX,Global,kedaex,
Kerry eCommerce,Global,kerry-ecommerce,
Kerry Express Thailand,Global,kerry-logistics,
Kerry TJ Logistics,Global,kerrytj,
Kerry Express (Vietnam) Co Ltd,Global,kerryttc-vn,
KGM Hub,Global,kgmhub,
Kuehne + Nagel,Global,kn,
Keuhne + Nagel Global,Global,kng,
Komon Express,Global,komon-express,
Korea Post EMS,Global,korea-post,
Korea Post,Global,kpost,
KURASI,Global,kurasi,
KWE Global,Global,kwe-global,
"Shenzhen Jinghuada Logistics Co., Ltd",Global,kwt,
Kua Yue Express,Global,ky-express,
La Poste,Global,la-poste-colissimo,
Lao Post,Global,lao-post,
Latvijas Pasts,Global,latvijas-pasts,
Leader,Global,leader,
Legion Express,Global,legion-express,
LexShip,Global,lexship,
LHT Express,Global,lht-express,
LICCARDI EXPRESS COURIER,Global,liccardi-express,
liefery,Global,liefery,
Lietuvos Paštas,Global,lietuvos-pastas,
Line Clear Express & Logistics Sdn Bhd,Global,line,
"Link Bridge(BeiJing)international logistics co.,ltd",Global,linkbridge,
Lion Parcel,Global,lion-parcel,
Logisters,Global,logisters,
Logwin Logistics,Global,logwin-logistics,
Lone Star Overnight,Global,lonestar,
Loomis Express,Global,loomis-express,
Lotte Global Logistics,Global,lotte,
佳邮国际,Global,ltianexp,
LTL,Global,ltl,
Logistic Worldwide Express,Global,lwe-hk,
M Xpress Sdn Bhd,Global,m-xpress,
M3 Logistics,Global,m3logistics,
MailAmericas,Global,mailamericas,
MailPlus,Global,mailplus,
MailPlus (Japan),Global,mailplus-jp,
Mainfreight,Global,mainfreight,
Mainway,Global,mainway,
Malaysia Post EMS / Pos Laju,Global,malaysia-post,
Malaysia Post - Registered,Global,malaysia-post-posdaftar,
Matdespatch,Global,matdespatch,
Matkahuolto,Global,matkahuolto,
MBW Courier Inc.,Global,mbw,
Meest,Global,meest,
Mexico Redpack,Global,mexico-redpack,
Mexico Senda Express,Global,mexico-senda-express,
PT MGLOBAL LOGISTICS INDONESIA,Global,mglobal,
Mhi,Global,mhi,
Mikropakket,Global,mikropakket,
Mikropakket Belgium,Global,mikropakket-be,
Milkman,Global,milkman,
MISUMI Group Inc.,Global,misumi-cn,
Mobi Logistica,Global,mobi-br,
Mondial Relay,Global,mondialrelay,
Morelink,Global,morelink,
Morning Express,Global,morning-express,
MRW,Global,mrw-spain,
MUDITA,Global,mudita,
M&X cargo,Global,mx-cargo,
My DynaLogic,Global,mydynalogic,
NACEX,Global,nacex,
NACEX Spain,Global,nacex-spain,
NACEX Spain,Global,nacex-spain-reference,
Nanjing Woyuan,Global,nanjingwoyuan,
National Sameday,Global,national-sameday,
Nationwide Express,Global,nationwide-my,
NZ Post,Global,new-zealand-post,
Newegg Express,Global,neweggexpress,
Newgistics,Global,newgistics,
Newgistics API,Global,newgisticsapi,
New Zealand Couriers,Global,newzealand-couriers,
Nhans Solutions,Global,nhans-solutions,
Nightline,Global,nightline,
Nim Express,Global,nim-express,
NimbusPost,Global,nimbuspost,
Ninja Van Indonesia,Global,ninjavan-id,
Ninja Van Malaysia,Global,ninjavan-my,
Ninja Van Thailand,Global,ninjavan-thai,
NiPost,Global,nipost,
"N&M Transfer Co., Inc.",Global,nmtransfer,
Norsk Global,Global,norsk-global,
Nova Poshta (International),Global,nova-poshtaint,
NOX NightTimeExpress,Global,nox-night-time-express,
Nhat Tin Logistics,Global,ntlogistics-vn,
"NYT SUPPLY CHAIN LOGISTICS Co.,LTD",Global,nytlogistics,
OCA Argentina,Global,oca-ar,
OCS ANA Group,Global,ocs,
OCS WORLDWIDE,Global,ocs-worldwide,
OkayParcel,Global,okayparcel,
Old Dominion Freight Line,Global,old-dominion,
Omni Parcel,Global,omniparcel,
One click delivery services,Global,oneclick,
One World Express,Global,oneworldexpress,
OnTrac,Global,ontrac,
FedEx® Poland Domestic,Global,opek,
Overseas Express,Global,overseas-hr,
PACKFLEET,Global,packfleet,
Packlink,Global,packlink,
平安达腾飞快递,Global,padtf,
PAL Express Limited,Global,palexpress,
The Pallet Network,Global,pallet-network,
Palletways,Global,palletways,
Pan-Asia International,Global,pan-asia,
Pandu Logistics,Global,pandulogistics,
Panther,Global,panther,
Paper Express,Global,paper-express,
Paquetexpress,Global,paquetexpress,
Parcel Force,Global,parcel-force,
Parcel2Go,Global,parcel2go,
Parcelink Logistics,Global,parcelinklogistics,
Parcelled.in,Global,parcelled-in,
PARCEL ONE,Global,parcelone,
ParcelPoint Pty Ltd,Global,parcelpoint,
Parcel Post Singapore,Global,parcelpost-sg,
Parcel Right,Global,parcelright,
Parcel To Post,Global,parceltopost,
CIRRO E-Commerce,Global,parcll,
Park N Parcel,Global,parknparcel,
PFC Express,Global,pfcexpress,
Pickrr,Global,pickrr,
Pickupp,Global,pickup,
PICK UPP,Global,pickupp-mys,
PICK UPP (Singapore),Global,pickupp-sgp,
Pidge,Global,pidge,
"PIL Logistics (China) Co., Ltd",Global,pil-logistics,
Pilot Freight Services,Global,pilot-freight,
Pitney Bowes,Global,pitney-bowes,
PITT OHIO,Global,pittohio,
Planzer Group,Global,planzer,
Poczta Polska,Global,poczta-polska,
Pony express,Global,pony-express,
Portugal CTT,Global,portugal-ctt,
Portugal Seur,Global,portugal-seur,
Pos Indonesia Domestic,Global,pos-indonesia,
Post Serbia,Global,post-serbia,
Post of Slovenia,Global,post-slovenia,
Post56,Global,post56,
Poșta Română,Global,posta-romana,
Posta Plus,Global,postaplus,
Poste Italiane,Global,poste-italiane,
Poste Italiane Paccocelere,Global,poste-italiane-paccocelere,
Posten Norge / Bring,Global,posten-norge,
PostNL Domestic,Global,postnl,
PostNL International 3S,Global,postnl-3s,
PostNL International,Global,postnl-international,
PostNord Logistics,Global,postnord,
Post ONE,Global,postone,
PostPlus,Global,postplus,
Iceland Post,Global,postur-is,
PayPal Package,Global,ppbyb,
Pressio,Global,pressiode,
Professional Couriers,Global,professional-couriers,
"ProMed Delivery, Inc.",Global,promeddelivery,
PTS,Global,pts,
PTT Posta,Global,ptt-posta,
Purolator,Global,purolator,
Quantium,Global,quantium,
Qwintry Logistics,Global,qwintry,
Qxpress,Global,qxpress,
Raben Group,Global,raben-group,
RAF Philippines,Global,raf,
RaidereX,Global,raiderex,
RAM,Global,ramgroup-za,
Red Carpet Logistics,Global,rcl,
Redur Spain,Global,redur-es,
Rhenus Logistics,Global,rhenus-group,
Rincos,Global,rincos,
RL Carriers,Global,rl-carriers,
Roadbull Logistics,Global,roadbull,
Roadrunner Transport Service,Global,roadrunner-freight,
Rocket Parcel International,Global,rocketparcel,
RoyalShipments,Global,royalshipments,
RPD2man Deliveries,Global,rpd2man,
RPX Logistics,Global,rpxlogistics,
RPX Online,Global,rpxonline,
Russian Post,Global,russian-post,
Ruston,Global,ruston,
RZY Express,Global,rzyexpress,
Safexpress,Global,safexpress,
Saia LTL Freight,Global,saia-freight,
SAILPOST SPA,Global,sailpost,
SAP EXPRESS,Global,sap-express,
South African Post Office,Global,sapo,
Saudi Post,Global,saudi-post,
Sber Logistics,Global,sberlogistics-ru,
Scudex Express,Global,scudex-express,
闪电猴,Global,sdh-scm,
Southeastern Freight Lines,Global,sefl,
"Sending Transporte Urgente y Comunicacion, S.A.U",Global,sending,
Sendit,Global,sendit,
Sendle,Global,sendle,
Setel Express,Global,setel,
SF Express China,Global,sf-express-cn,
SF International,Global,sfb2c,
SFC,Global,sfc,
SFC-SendfromChina,Global,sfcservice,
Shadowfax,Global,shadowfax,
Ship It Asia,Global,ship-it-asia,
ShipEntegra,Global,shipentegra,
ShipGate,Global,shipgate,
Shippit,Global,shippit,
Shiprocket X,Global,shiprocket,
SHIPTER,Global,shipter,
Westgate Global,Global,shipwestgate,
ShopfansRU LLC,Global,shopfans,
Olive,Global,shopolive,
SENHONG INTERNATIONAL LOGISTICS,Global,showl,
Shree Maruti Courier Services Pvt Ltd,Global,shree-maruti,
Shree Anjani Courier,Global,shreeanjanicourier,
SHREE NANDAN COURIER,Global,shreenandancourier,
SHREE TIRUPATI COURIER SERVICES PVT. LTD.,Global,shreetirupati,
Shypmax,Global,shyplite,
J&T Express Singapore,Global,simplypost,
Singapore Post,Global,singapore-post,
Singapore Speedpost,Global,singapore-speedpost,
Sin Global Express,Global,singlobal-express,
Sinotrans,Global,sinotrans,
Siodemka,Global,siodemka,
"Slovenská pošta, a.s.",Global,sk-posta,
SkyPostal,Global,sky-postal,
SKYBOX,Global,skybox,
SkyNet Malaysia,Global,skynet,
Skynet World Wide Express South Africa,Global,skynet-za,
SkyNet Worldwide Express,Global,skynetworldwide,
SkyNet Worldwide Express UAE,Global,skynetworldwide-uae,
Skynet Worldwide Express UK,Global,skynetworldwide-uk,
SMARTCAT,Global,smartcat,
Smooth Couriers,Global,smooth,
Sonic Transportation & Logistics,Global,sonictl,
Correos de España,Global,spain-correos-es,
Specialised Freight,Global,specialisedfreight-za,
Speed Couriers,Global,speedcouriers-gr,
Spee-Dee Delivery,Global,speedee,
SPEEDEX,Global,speedex,
SPOTON Logistics Pvt Ltd,Global,spoton,
Spring GDS,Global,spring-gds,
SPRINT PACK,Global,sprint-pack,
Shopee Express,Global,spx,
Shopee Xpress,Global,spx-th,
SRE Korea,Global,srekorea,
SRT Transport,Global,srt-transport,
Stallion Express,Global,stallionexpress,
Star Track Courier,Global,star-track-courier,
Star Track Express,Global,star-track-express,
STARKEN,Global,starken,
Stat Overnight,Global,statovernight,
STEP FORWARD FREIGHT SERVICE CO LTD,Global,stepforwardfs,
STO Express,Global,sto,
STONE3PL,Global,stone3pl,
Streck Transport,Global,streck-transport,
Sutton Transport,Global,sutton,
PostNord Sweden,Global,sweden-posten,
Swiship,Global,swiship,
Sunyou Post,Global,sypost,
DPEX China,Global,szdpex,
SZENDEX,Global,szendex,
Taiwan Post,Global,taiwan-post,
TAQBIN Hong Kong,Global,taqbin-hk,
Yamato Japan,Global,taqbin-jp,
PRESIDENT TRANSNET CORP,Global,taqbin-taiwan,
TONDA GLOBAL,Global,tarrive,
Geniki Taxydromiki,Global,taxydromiki,
Tazmanian Freight Systems,Global,tazmanian-freight,
TCK Express,Global,tck-express,
Testing Courier,Global,testing-courier,
TFM Xpress,Global,tfm,
TForce Final Mile,Global,tforce-finalmile,
Kerry Express Hong Kong,Global,tgx,
Thabit Logistics,Global,thabit-logistics,
Thailand Thai Post,Global,thailand-post,
TP Logistic,Global,thaiparcels,
The Courier Guy,Global,thecourierguy,
TDG – The Delivery Group,Global,thedeliverygroup,
TIG Freight,Global,tigfreight,
Tiki,Global,tiki,
TNT,Global,tnt,
TNT Australia,Global,tnt-au,
TNT-Click Italy,Global,tnt-click,
TNT France,Global,tnt-fr,
TNT Italy,Global,tnt-it,
TNT Reference,Global,tnt-reference,
TNT UK,Global,tnt-uk,
TNT UK Reference,Global,tnt-uk-reference,
Toll IPEC,Global,toll-ipec,
Toll New Zealand,Global,toll-nz,
Team Global Express,Global,toll-priority,
Tolos,Global,tolos,
Tophatter Express,Global,tophatterexpress,
TopYou,Global,topyou,
CTT Express,Global,tourline,
Trackon Couriers Pvt. Ltd,Global,trackon,
P2P TrakPak,Global,trakpak,
Trans Kargo Internasional,Global,trans-kargo,
Trans2u,Global,trans2u,
TransMission,Global,transmission-nl,
TRUMPCARD LLC,Global,trumpcard,
Tuffnells Parcels Express,Global,tuffnells,
Tuffnells Parcels Express- Reference,Global,tuffnells-reference,
UBI Smart Parcel,Global,ubi-logistics,
ucexpress,Global,uc56,
UCS,Global,ucs,
United Delivery Service,Global,uds,
UK Mail,Global,uk-mail,
UkrPoshta,Global,ukrposhta,
UPS Freight,Global,ups-freight,
UPS Mail Innovations,Global,ups-mi,
UPS Reference,Global,ups-reference,
USF Reddaway,Global,usf-reddaway,
uShip,Global,uship,
Venipak,Global,venipak,
ViaEurope,Global,viaeurope,
ViettelPost,Global,viettelpost,
VIWO IoT,Global,viwo,
VicTas Freight Express,Global,vtfe,
Wahana,Global,wahana,
WanbExpress,Global,wanbexpress,
Weaship,Global,weaship,
WeDo Logistics,Global,wedo,
WePost Sdn Bhd,Global,wepost,
We World Express,Global,weworldexpress,
Whistl,Global,whistl,
万邑通,Global,winit,
Wise Express,Global,wise-express,
Wiseloads,Global,wiseloads,
WishPost,Global,wishpost,
Wizmo,Global,wizmo,
wnDirect,Global,wndirect,
Worldnet Logistics,Global,worldnet,
XDP Express,Global,xdp-uk,
XDP Express Reference,Global,xdp-uk-reference,
XL Express,Global,xl-express,
Xpert Delivery,Global,xpert-delivery,
XPO,Global,xpo-logistics,
Xpost.ph,Global,xpost,
XpressBees,Global,xpressbees,
Xpressen,Global,xpressen-dk,
XQ Express,Global,xq-express,
Xingyunyi Logistics,Global,xyy,
Yakit,Global,yakit,
Yanwen,Global,yanwen,
"Shenzhen 1st International Logistics(Group)Co,Ltd",Global,ydex,
YDH express,Global,ydh-express,
YiFan Express,Global,yifan,
英诺供应链,Global,yingnuo-logistics,
Yodel International,Global,yodel-international,
Yodel Direct,Global,yodeldirect,
YRC,Global,yrc,
YTO Express,Global,yto,
Yunda Express,Global,yundaex,
YunExpress,Global,yunexpress,
Yurtici Kargo,Global,yurtici-kargo,
HUAHANG EXPRESS,Global,yycom,
YYEXPRESS,Global,yyexpress,
Zajil Express Company,Global,zajil-express,
Zeleris,Global,zeleris,
Eshun international Logistic,Global,zes-express,
Ziing,Global,ziingfinalmile,
Zinc,Global,zinc,
ZJS International,Global,zjs-express,
ZTO Express China,Global,zto-domestic,
ZTO Express Global,Global,zto-express,
DMSMatrix,Global,dms-matrix,
Go People,Global,gopeople,
HUBBED,Global,hubbed,
Panther Order Number,Global,panther-order-number,
Sims Global,Global,simsglobal,
Transport Ambientales,Global,tanet,
Georgian Post,Global,gpost,
GO Logistics & Storage,Global,gols,
Luwjistik,Global,luwjistik,
U-ENVIOS,Global,u-envios,
BUFFALO,Global,buffalo,
ACI Logistix,Global,acilogistix,
Morning Global,Global,morninglobal,
FRONTdoor Collective,Global,frontdoorcorp,
TransVirtual,Global,transvirtual,
Quiet Platforms,Global,airterra,
Burd Delivery Aps,Global,burd,
Pandion,Global,pandion,
TYP,Global,typ,
ICS COURIER,Global,icscourier,
ShunBang Express,Global,shunbang-express,
ViaXpress,Global,viaxpress,
XGS,Global,xgs,
uParcel,Global,uparcel,
Tomydoor,Global,tomydoor,
Plycon Transportation Group,Global,plycongroup,
FlipXpress,Global,flipxp,
Northline,Global,northline,
Crossflight Limited,Global,crossflight,
Ozeparts Shipping,Global,ozeparts-shipping,
QTrack,Global,qtrack,
Fast Despatch Logistics Limited,Global,fastdespatch,
Fastship Express,Global,fastship,
Optima Courier,Global,optimacourier,
FUJIE EXPRESS,Global,fujexp,
iThink Logistics,Global,ithinklogistics,
Cago,Global,cago,
Eco Freight,Global,ecofreight,
Tusk Logistics,Global,tusklogistics,
EMS,Global,ems,
DeliverDirect,Global,smartkargo,
Servientrega,Global,servientrega,
Trusk France,Global,trusk,
INTERSMARTTRANS & SOLUTIONS SL,Global,intersmarttrans,
J&T Express Philippines,Global,jtexpress-ph,
Movianto,Global,movianto,
Thunder Express Australia,Global,thunderexpress,
Flight Logistics Group,Global,flightlg,
SHIPXPRESS,Global,shipxpres,
ADS Express,Global,ads,
Big Smart,Global,bigsmart,
Med Africa Logistics,Global,medafrica,
Packeta,Global,packeta,
Pakajo World,Global,pakajo,
Sppedaf Express,Global,speedaf,
Cacesa,Global,cacesa,
Asyad Express,Global,asyadexpress,
EasyRoutes,Global,easyroutes,
EXPRESSONE,Global,expressone,
GC Express,Global,gcx,
ZYEX,Global,zyou,
TDN,Global,tdn,
Early Bird,Global,earlybird,
Swiship JP,Global,swiship-jp,
Bringer Parcel Services,Global,bringer,
SpeedX,Global,speedx,
SkyExpress Internationals,Global,skyexpressinternational,
Swiss Universal Express,Global,swiss-universal-express,
Associate Global Systems,Global,agsystems,
American West,Global,awest,
Ninjavan Vietnam,Global,ninjavan-vn,
Braun's Express,Global,braunsexpress,
Castle Parcels,Global,castleparcels,
Spedisci.online,Global,spedisci,
DIR,Global,dirmensajeria,
AICS,Global,arihantcourier,
SkyExpress Internationals,Global,skyexpress-international,
Super Pac Line,Global,superpackline,
DOMINO,Global,domino,
GLS USA,Global,gls-us,
Paikeda,Global,paikeda,
LogoiX,Global,logoix,
ups-checker,Global,ups-checker,
RPM,Global,rpm,
EXPRESSONE,Global,expressone-sv,
Urb-it,Global,urb-it,
Go Bolt,Global,gobolt,
hepsiJET,Global,hepsijet,
Grand Slam Express,Global,grandslamexpress,
LIEFERGRUN,Global,liefergrun,
SG LINK,Global,sglink,
Packaly,Global,packaly,
pack-man,Global,pack-man,
eShipper,Global,eshipper,
Multientrega,Global,multientregapanama,
Welivery,Global,welivery,
准时达跨境,Global,jusdasr,
GLS Romania,Global,gls-romania,
Urbify,Global,urbify,
eTower,Global,etower,
GTA GSM,Global,gtagsm,
Yunant,Global,yunant,
Sky King,Global,skyking,
Maergo,Global,maergo,
Transpak Inc.,Global,transpak,
Aoyue,Global,aoyue,
shopline,Global,shopline,
Easyparcel,Global,easyparcel,
Team Express Service LLC,Global,teamexpressllc,
Kinisi Transport Pty Ltd,Global,kinisi,
Navlungo,Global,navlungo,
LM Parcel,Global,lmparcel,
Sendy Express,Global,sendy,
Discount Post,Global,emega,
Jawar,Global,jawar,
FleetOptics,Global,fleetopticsinc,
ShipGlobal,Global,shipglobal-us,
Southwestern Motor Transport. Inc,Global,smtl,
ATA,Global,ata,
Madrooex,Global,madrooex,
Yunhuipost,Global,yunhuipost,
Oakh Harbour Freight Lines,Global,oakh,
Zoom,Global,zoom-red,
PIGGYSHIP,Global,piggyship,
Go For GPS,Global,goforgps,
DPD Portugal,Global,dpd-prt,
Barsan Global Lojistik,Global,barsan,
Asendia Global,Global,asendia,
Kolay Gelsin,Global,kolay-gelsin,
MNG Kargo,Global,mng-kargo,
PTT Kargo,Global,ptt-kargo,
Scotty,Global,scotty,
Pack-Up,Global,pack-up,
Surat Kargo,Global,surat-kargo,
Sendeo Kargo,Global,sendeo-kargo,
OTS,Global,otschile,
Leman,Global,leman,
xmszm,Global,xmszm,
YouParcel,Global,youparcel,
Xindus,Global,xindus,
Moovin,Global,moovin,
Rivo,Nice to connect,air-canada-global,air-canada
Allied Express,Nice to connect,alliedexpress,allied-express-ftp
Grupo logistico Andreani,Nice to connect,andreani,andreani-api
AO Logistics,Nice to connect,ao-courier,ao-courier-webhook
Aramex,Nice to connect,aramex,aramex-api
ATS Healthcare,Nice to connect,atshealthcare,atshealthcare-reference
Australia Post,Nice to connect,australia-post,australia-post-api
AxleHire,Nice to connect,axlehire,axlehire-ftp
"BJS Distribution, Storage & Couriers",Nice to connect,bjshomedelivery,bjshomedelivery-ftp
Bluedart,Nice to connect,bluedart,bluedart-api
Bollore Logistics,Nice to connect,bollore-logistics,bollore-logistics-sftp
Bpost,Nice to connect,bpost,bpost-api
BRT Bartolini,Nice to connect,brt-it,brt-it-api
CBL Logistica,Nice to connect,cbl-logistica,cbl-logistica-api
Chronopost France,Nice to connect,chronopost-france,chronopost-france-webhook
Coordinadora,Nice to connect,coordinadora,coordinadora-api
Correos Express,Nice to connect,correosexpress,correosexpress-api
DACHSER,Nice to connect,dachser,dachser-web
Delhivery,Nice to connect,delhivery,delhivery-webhook
Destiny Transportation,Nice to connect,destiny,"destiny-ftp,destiny-webhook"
Detrack,Nice to connect,detrack,detrack-webhook
DHL Express,Nice to connect,dhl,"dhl-api,dhl-sftp"
DHL Spain Domestic,Nice to connect,dhl-es,dhl-es-sftp
DHL eCommerce Solutions,Nice to connect,dhl-global-mail,dhl-global-mail-api
DHL eCommerce Asia,Nice to connect,dhl-global-mail-asia,dhl-global-mail-asia-api
DHL Supply Chain Australia,Nice to connect,dhl-supply-chain-au,dhl-supply-chain-au-sftp
Dialogo Logistica,Nice to connect,dialogo-logistica,dialogo-logistica-api
Direct Couriers,Nice to connect,directcouriers,directcouriers-ftp
DPD,Nice to connect,dpd,dpd-api
DPD Hungary,Nice to connect,dpd-hungary,"dpd-hungary-ftp,dpd-hungary-web"
DPD Russia,Nice to connect,dpd-ru,dpd-ru-api
DPD UK,Nice to connect,dpd-uk,dpd-uk-sftp
DX,Nice to connect,dx,dx-sftp
Estafeta,Nice to connect,estafeta,estafeta-api
Aramex Australia,Nice to connect,fastway-au,fastway-au-api
FedEx®,Nice to connect,fedex,fedex-api
Flash Express,Nice to connect,flashexpress,flashexpress-webhook
Gati-KWE,Nice to connect,gati-kwe,gati-kwe-api
Go Express and logistics,Nice to connect,general-overnight,general-overnight-ftp
GIO Express Inc,Nice to connect,gio-ecourier,gio-ecourier-api
GLS Italy,Nice to connect,gls-italy,gls-italy-ftp
GLS Netherlands,Nice to connect,gls-netherlands,"gls-netherlands-webhook,gls-netherlands-sftp"
Helthjem,Nice to connect,helthjem,helthjem-api
Hermes Germany,Nice to connect,hermes-de,hermes-de-ftp
Hunter Express,Nice to connect,hunter-express,hunter-express-sftp
iCumulus,Nice to connect,icumulus,icumulus-webhook
International Seur,Nice to connect,international-seur,international-seur-api
JNE,Nice to connect,jne,jne-api
Kronos Express,Nice to connect,kronos,kronos-webhook
Lalamove,Nice to connect,lalamove,lalamove-api
Landmark Global,Nice to connect,landmark-global,landmark-global-ftp
LaserShip,Nice to connect,lasership,lasership-api
Malca-Amit,Nice to connect,malca-amit,malca-amit-api
EVRi,Nice to connect,myhermes-uk,myhermes-uk-api
Nationex,Nice to connect,nationex,nationex-ftp
Ninja Van,Nice to connect,ninjavan,ninjavan-webhook
Nippon Express,Nice to connect,nippon-express,nippon-express-ftp
Nova Poshta,Nice to connect,nova-poshta,nova-poshta-api
Innight Express Germany GmbH (nox NachtExpress),Nice to connect,nox-nachtexpress,nox-nachtexpress-ftp
Omniva,Nice to connect,omniva,omniva-api
Orange Connex,Nice to connect,orangeconnex,orangeconnex-ftp
OrangeDS (Orange Distribution Solutions Inc),Nice to connect,orangedsinc,orangedsinc-ftp
OSM Worldwide,Nice to connect,osm-worldwide,osm-worldwide-sftp
Panther Reference,Nice to connect,panther-reference,panther-reference-api
PFL,Nice to connect,pflogistics,pflogistics-ftp
Posti,Nice to connect,posti,posti-api
Royal Mail,Nice to connect,royal-mail,"royal-mail-ftp,royal-mail-webhook"
Sagawa,Nice to connect,sagawa,sagawa-api
Seino,Nice to connect,seino,seino-api
SEKO Logistics,Nice to connect,sekologistics,seko-sftp
SF Express,Nice to connect,sf-express,sf-express-api
ShipX,Nice to connect,shipx,shipx-api
SMSA Express,Nice to connect,smsa-express,smsa-express-webhook
Spanish Seur,Nice to connect,spanish-seur,"spanish-seur-api,spanish-seur-ftp"
StarTrack,Nice to connect,star-track,star-track-webhook
Swiss Post,Nice to connect,swiss-post,swiss-post-ftp
Yamato Singapore,Nice to connect,taqbin-sg,taqbin-sg-api
TCS,Nice to connect,tcs,tcs-api
TIPSA,Nice to connect,tipsa,tipsa-api
Total Express,Nice to connect,total-express,total-express-api
UPS,Nice to connect,ups,ups-api
USPS,Nice to connect,usps,usps-api
VIR Transport,Nice to connect,virtransport,virtransport-sftp
Vietnam Post,Nice to connect,vnpost,vnpost-api
Yodel Domestic,Nice to connect,yodel,yodel-api
Yusen Logistics,Nice to connect,yusen,yusen-sftp
CDL Last Mile,Nice to connect,cdldelivers,cdldelivers-api
DPD Netherlands,Nice to connect,dpd-nl,dpd-nl-api
GDPharm Logistics,Nice to connect,gdpharm,gdpharm-webhook
GLS Spain,Nice to connect,gls-spain,gls-spain-api
Packs,Nice to connect,packs,packs-api
Payo,Nice to connect,payo,payo-webhook
Quiqup,Nice to connect,quiqup,quiqup-webhook
Sherpa,Nice to connect,sherpa,sherpa-webhook
Czech Post,Nice to connect,ceskaposta,ceskaposta-api
MRW,Nice to connect,mrw,mrw-ftp
Metropolitan Warehouse & Delivery,Nice to connect,mwd,mwd-api
Rhenus Logistics UK,Nice to connect,rhenus-uk,rhenus-uk-api
Trunkrs,Nice to connect,trunkrs,trunkrs-webhook
WeShip,Nice to connect,weship,weship-api
Wineshipping,Nice to connect,wineshipping,wineshipping-webhook
DHL Global Forwarding eCommerce,Nice to connect,dhl-ecommerce-gc,dhl-ecommerce-gc-api
DPD Austria,Nice to connect,dpd-at,dpd-at-sftp
Parcelstars,Nice to connect,parcelstars,parcelstars-webhook
T-cat,Nice to connect,t-cat,t-cat-api
GLS Hungary,Nice to connect,gls-hun,gls-hun-api
Vesyl,Nice to connect,vesyl,vesyl-api
"Celeritas Transporte, S.L",Must connect,,celeritas-ftp
Concise,Must connect,,"concise-api,concise-webhook"
DB Schenker Iceland,Must connect,,dbschenker-iceland-ftp
Deliverr,Must connect,,deliverr-sftp
DHL Global Forwarding,Must connect,,dhl-global-forwarding-api
First Logistics,Must connect,,first-logistics-api
G.I.G,Must connect,,gwlogis-api
LBC Express,Must connect,,"lbcexpress-api,lbcexpress-ftp"
Magyar Posta,Must connect,,magyar-posta-api
Rixon Logistics,Must connect,,rixonhk-api
99minutos,Must connect,,99minutos
Ader,Must connect,,aderonline
Aras Cargo,Must connect,,araskargo
Barq,Must connect,,barqexp
B&H Worldwide,Must connect,,bh-worldwide
Bomi Group,Must connect,,bomi
CEVA Package,Must connect,,ceva-tracking
Chazki,Must connect,,chazki
Chile Express,Must connect,,chilexpress-webhook
Courant Plus,Must connect,,courant-plus-api
DAO365,Must connect,,dao365
DHL (Reference number),Must connect,,dhl-reference-api
DHL supply chain India,Must connect,,dhl-supplychain-in
Direct Freight Express,Must connect,,directfreight-au-ref
DKSH,Must connect,,dksh
DNJ Express,Must connect,,dnj-express
DSV Futurewave,Must connect,,dsv-reference
DX (B2B),Must connect,,dx-b2b-connum
Elite Express,Must connect,,elite-co
FAN COURIER EXPRESS,Must connect,,fan
Faxe Cargo,Must connect,,faxecargo
Fetchr,Must connect,,"fetchr,fetchr-webhook"
Glovo,Must connect,,glovo
Gebrüder Weiss,Must connect,,gw-world
Home Logistics,Must connect,,homelogistics
HSM Global,Must connect,,hsm-global
Ilyang logistics,Must connect,,ilyanglogis
Inexpost,Must connect,,inexpost
Javit,Must connect,,javit
京东物流,Must connect,,jd-express
Livrapide,Must connect,,livrapide
Loggi,Must connect,,loggi
Logysto,Must connect,,logysto
Mail Boxes Etc.,Must connect,,mail-box-etc
Marken,Must connect,,marken
Groupe Mazet,Must connect,,mazet
MNX,Must connect,,mnx
Mondial Relay Spain(Punto Pack),Must connect,,mondialrelay-es
Mondial Relay France,Must connect,,mondialrelay-fr
Moova,Must connect,,moova-webhook
Naqel Express,Must connect,,naqel-express
NTL logistics,Must connect,,ntl
Passport Shipping,Must connect,,passportshipping
Patheon Logistics,Must connect,,patheon
PolarSpeed Inc,Must connect,,polarspeed
Professional Parcel Logistics,Must connect,,ppl
Pro Carrier,Must connect,,procarrier
Purolator International,Must connect,,purolator-international
Red je Pakketje,Must connect,,redjepakketje
Relais Colis,Must connect,,relaiscolis
SHIPA,Must connect,,shipa
Shippie,Must connect,,shippie
"Shippify, Inc",Must connect,,shippify
Teliway SIC Express,Must connect,,sic-teliway
Spectran,Must connect,,spectran
Speedy,Must connect,,speedy
Thijs Logistiek,Must connect,,thijs-nl
Tipsa Reference,Must connect,,tipsa-ref
TNT France Reference,Must connect,,tnt-fr-reference
Tourline Express,Must connect,,tourline-reference
Urgent Cargus,Must connect,,urgent-cargus
VOX SOLUCION EMPRESARIAL SRL,Must connect,,vox
World Courier,Must connect,,worldcourier
WSP Express,Must connect,,wspexpress
Xpedigo,Must connect,,xpedigo
Zeek2Door,Must connect,,"zeek,sfplus-webhook"
Activos24,Must connect,,activos24-api
AFL LOGISTICS,Must connect,,afllog-ftp
Agediss,Must connect,,agediss-sftp
Airmee,Must connect,,airmee-webhook
Argents Express Group,Must connect,,argents-webhook
BioCair,Must connect,,biocair-ftp
Budbee,Must connect,,budbee-webhook
City Express,Must connect,,city56-webhook
ClickLink,Must connect,,clicklink-sftp
Corporate Couriers,Must connect,,corporatecouriers-webhook
CryoPDP,Must connect,,cryopdp-ftp
The Custom Companies,Must connect,,customco-api
DB Schenker,Must connect,,dbschenker-api
Designer Transport,Must connect,,designertransport-webhook
DoorDash,Must connect,,doordash-webhook
DPD Switzerland,Must connect,,dpd-ch-sftp
DPD Slovakia,Must connect,,dpd-sk-sftp
East West Courier Pte Ltd,Must connect,,eastwestcourier-ftp
Eurodifarm,Must connect,,edf-ftp
Estes Forwarding Worldwide,Must connect,,efwnow-api
Europacket+,Must connect,,europaket-api
Exelot Ltd.,Must connect,,exelot-ftp
Expeditors API Reference,Must connect,,expeditors-api-ref
fairsenden,Must connect,,fairsenden-api
FitzMark,Must connect,,fitzmark-api
FragilePAK,Must connect,,fragilepak-sftp
GAC,Must connect,,gac-webhook
GEODIS - Distribution & Express,Must connect,,"geodis-api,geodis-sftp"
Gojek,Must connect,,gojek-webhook
Grab,Must connect,,grab-webhook
Hermes UK,Must connect,,hermes-uk-sftp
Inntralog GmbH,Must connect,,inntralog-sftp
Instabox,Must connect,,instabox-webhook
Integra2,Must connect,,integra2-ftp
InTime,Must connect,,intime-ftp
Ivoy,Must connect,,ivoy-webhook
Kerry Logistics,Must connect,,kerry-express-th-webhook
LCT do Brasil,Must connect,,lctbr-api
Locus,Must connect,,locus-webhook
T&W Delivery,Must connect,,loginext-webhook
Mensajeros Urbanos,Must connect,,mensajerosurbanos-api
Naeko Logistics,Must connect,,naeko-ftp
Novofarma,Must connect,,novofarma-webhook
Sequoialog,Must connect,,nowlog-api
Omni Returns,Must connect,,omnirps-webhook
Paack,Must connect,,paack-webhook
Pandago,Must connect,,pandago-api
ParcelPal,Must connect,,parcelpal-webhook
USPS Flats (Pitney Bowes),Must connect,,pb-uspsflats-ftp
Pgeon,Must connect,,pgeon-api
Product Care Services Limited,Must connect,,productcaregroup-sftp
Quickstat Courier LLC,Must connect,,qintl-api
Routific,Must connect,,routific-webhook
SerVIP,Must connect,,servip-webhook
SimpleTire,Must connect,,simpletire-webhook
solistica,Must connect,,solistica-api
Spreetail,Must connect,,spreetail-api
SortHub,Must connect,,thenile-webhook
Tonami,Must connect,,tonami-ftp
Uber,Must connect,,uber-webhook
USPS Informed Visibility,Must connect,,"usps-iv-api,usps-webhook"
Value Logistics,Must connect,,value-webhook
Ximex Delivery Express,Must connect,,xde-webhook
D Express,Must connect,,dexpress-webhook
Best Transport,Must connect,,besttransport-sftp
OM LOGISTICS LTD,Must connect,,omlogistics-api
iMile,Must connect,,imile-api
Kiitäjät,Must connect,,logisystems-sftp
Ransa,Must connect,,ransa-webhook
Tamer Logistics,Must connect,,tamergroup-webhook
AIT,Must connect,,"aitworldwide-api,aitworldwide-sftp"
Teleport,Must connect,,teleport-webhook
Snt Global Etrax,Must connect,,sntglobal-api
網家速配股份有限公司,Must connect,,pchome-api
DHL GLOBAL FORWARDING PANAMÁ,Must connect,,dhl-pa-api
DHL Global Forwarding Guatemala,Must connect,,dhl-gt-api
Kerry Express TaiWan,Must connect,,kerry-express-tw-api
mySendle,Must connect,,mysendle-api
Chienventure,Must connect,,chienventure-webhook
Papa,Must connect,,papa-webhook
IB Venture,Must connect,,ibventure-webhook
Secretlab,Must connect,,secretlab-webhook
Mothership,Must connect,,mothership-api
Starlinks Global,Must connect,,starlinks-api
Zuellig Pharma Korea,Must connect,,zuelligpharma-sftp
"WOO YOUNG LOGISTICS CO.,LTD.",Must connect,,wooyoung-logistics-sftp
PHSE,Must connect,,phse-api
J&T Express Singapore,Must connect,,jtexpress-sg-api
Roche Internal Courier,Must connect,,roche-internal-sftp
DHL IE,Must connect,,dhl-ie-sftp
ANC / Fleets Flyers PTY LTD,Must connect,,ancdelivers-sftp
Veho,Must connect,,veho-webhook
Arrow,Must connect,,arrow-api
Team Global Express,Must connect,,team-global-express-webhook
C Chez Vous,Must connect,,cchezvous-sftp
Rendr,Must connect,,rendr-webhook
Kiwi Express Couriers,Must connect,,kiwi-express-webhook
Zoom2U,Must connect,,zoom2u-webhook
Jumppoint,Must connect,,jumppoint-api
trans-o-flex Express GmbH & Co. KGaA,Must connect,,trans-o-flex-sftp
Fliway,Must connect,,"fliway-api,fliway-sftp"
Stop Start Transport Ltd,Must connect,,stop-start-api
Fukuyama,Must connect,,fukuyama-sftp
SIGNIA LOGISTICS S.A.C.,Must connect,,signia-ftp
SIGNIA LOGISTICS S.A.C.,Must connect,,signialogistics-sftp
Borderless 360,Must connect,,borderless360-webhook
Mobile Tyre Shop,Must connect,,mobiletyreshop-webhook
DashLink,Must connect,,dashlink-webhook
Bleckmann,Must connect,,bleckmann-sftp
M24 Logistics,Must connect,,m24logistics-webhook
XPO Last Mile France,Must connect,,xpo-fr-api
Boxcheck,Must connect,,boxcheck-api
5Stringsolutions,Must connect,,shipstoresoftware-webhook
Cargo Partner,Must connect,,cargopartner-api
On Way,Must connect,,onway-webhook
Flash Express PH,Must connect,,flashexpress-ph-api
Geodis MyParcel,Must connect,,geodis-usa-api
Skelton,Must connect,,skelton-sftp
chronodiali,Must connect,,chronodiali-webhook
Alpha Freight,Must connect,,alphafreight-webhook
Ekol Lojistik,Must connect,,ekol-api
Courier Network Inc,Must connect,,cnwglobal-api
"Returnmates, Inc.",Must connect,,returnmates-webhook
Pandago,Must connect,,pandago-ph-api
TASCO BERHAD,Must connect,,tasco-my-webhook
DSV,Must connect,,dsv-za-sftp
Porter Express,Must connect,,porterex-webhook
Fastway Australia,Must connect,,aramex-au-api
UNITED CALIFORNIA FREIGHT SOLUTIONS,Must connect,,ucfs-api
Toshi,Must connect,,toshi-webhook
BTX GLOBAL LOGISTICS,Must connect,,btxglobal-ftp
NTI Logistics,Must connect,,ntilogistics-ftp
Sassy,Must connect,,sassy-api
P2P Delivery Ltd,Must connect,,p2p-delivery-api
Parcel Delivery Network,Must connect,,portless-api
Parcel Delivery Network,Must connect,,pdn-api
e-courier (MDS),Must connect,,e-courier-webhook
HTDK (Shanghai),Must connect,,htdkgroup-webhook
Parca Logistics,Must connect,,parcalogistics-api
RXO,Must connect,,rxo-api
DSV UAE,Must connect,,dsv-are-webhook
Lalamove Plus,Must connect,,lalamove-plus-api
